{
	"settings": {
		"defaults": {
			"color": {
				"palette": [
					{
						"slug": "black",
						"color": "#000000",
						"name": "Black"
					},
					{
						"slug": "white",
						"color": "#FFFFFF",
						"name": "White"
					},
					{
						"slug": "dark-grey",
						"color": "#121212",
						"name": "Dark grey"
					},
					{
						"slug": "light-grey",
						"color": "#383838",
						"name": "Light grey"
					},
					{
						"slug": "cyan",
						"color": "#00838f",
						"name": "Cyan"
					},
					{
						"slug": "light-cyan",
						"color": "#4fb3bf",
						"name": "Light cyan"
					}
				],
				"gradients": [
					{
						"slug": "light-cyan-to-white",
						"gradient": "linear-gradient(135deg, var(--wp--preset--color--light-cyan), var(--wp--preset--color--white))",
						"name": "Light cyan to white"
					}
				]
			},
			"typography": {
				"fontFamilies": [
					{
						"fontFamily": "-apple-system,BlinkMacSystemFont,\"Segoe UI\",Roboto,Oxygen-Sans,Ubuntu,Cantarell,\"Helvetica Neue\",sans-serif",
						"slug": "system-fonts",
						"name": "System Fonts"
					},
					{
						"fontFamily": "Geneva, Tahoma, Verdana, sans-serif",
						"slug": "geneva-verdana"
					},
					{
						"fontFamily": "Cambria, Georgia, serif",
						"slug": "cambria-georgia"
					}
				],
				"fontSizes": [
					{
						"slug": "extra-small",
						"size": "16px",
						"name": "Extra small"
					},
					{
						"slug": "small",
						"size": "18px",
						"name": "Small"
					},
					{
						"slug": "normal",
						"size": "20px",
						"name": "Normal"
					},
					{
						"slug": "large",
						"size": "24px",
						"name": "Large"
					},
					{
						"slug": "extra-large",
						"size": "40px",
						"name": "Extra large"
					},
					{
						"slug": "huge",
						"size": "96px",
						"name": "Huge"
					}
				],
				"customFontWeight": true
			},
			"custom": {
				"width": {
					"default": "840px",
					"wide": "1100px"
				},
				"spacing": "14px"
			}
		}
	},
	"styles": {
		"root": {
			"color": {
				"background": "var(--wp--preset--color--dark-grey)",
				"text": "var(--wp--preset--color--white)",
				"link": "var(--wp--preset--color--light-cyan)"
			},
			"typography": {
				"fontSize": "var(--wp--preset--font-size--normal)",
				"fontFamily": "var(--wp--preset--font-family--system-fonts)",
				"lineHeight": "1.7"
			}
		}
	}
}